{"202604151-2776_2776_2777_2777-Ch3_Session1": {"name": "Drug", "admin_time": 1993.317247, "onset_time": 1993.3, "offset_time": 4592.5}, "202604151-2776_2776_2777_2777-Ch4_Session1": {"name": "Drug", "admin_time": 1993.317247, "onset_time": 1993.3, "offset_time": 4592.5}, "202601082-1866you-Ch1_Session1": {"name": "Drug", "admin_time": 4573.6478, "onset_time": 4573.6, "offset_time": 8673.0}, "202604101-2839_2839_2838_2838-Ch1_Session1": {"name": "Drug", "admin_time": 1997.11925, "onset_time": 2800.0, "offset_time": 4300.5}, "202604101-2839_2839_2838_2838-Ch2_Session1": {"name": "Drug", "admin_time": 1997.11925, "onset_time": 2800.0, "offset_time": 4300.5}, "202604101-2839_2839_2838_2838-Ch3_Session1": {"name": "Drug", "admin_time": 1997.11925, "onset_time": 2800.0, "offset_time": 4300.5}, "202604101-2839_2839_2838_2838-Ch4_Session1": {"name": "Drug", "admin_time": 1997.11925, "onset_time": 2800.0, "offset_time": 4300.5}}